Possibilities,Occurence
"Red Histogram, Price Below 200 EMA, MACD Parallel Below, EMA Decreasing, Red Supertrend, Price Below 200 DEMA, 200 EMA Above 200 DEMA Expanding, O2C Profit, Stochastic RSI Decreasing",42
"Green Histogram, Price Below 200 EMA, MACD Expanding Below, EMA Decreasing, Red Supertrend, Price Below 200 DEMA, 200 EMA Above 200 DEMA Expanding, O2C Profit, Stochastic RSI Increasing",27
"Red Histogram, Price Below 200 EMA, MACD Parallel Below, EMA Decreasing, Green Supertrend, Price Above 200 DEMA, 200 EMA Above 200 DEMA Intersecting, O2C Profit, Stochastic RSI Decreasing",2
"Red Histogram, Price Below 200 EMA, MACD Parallel Below, EMA Decreasing, Red Supertrend, Price Below 200 DEMA, 200 EMA Below 200 DEMA Intersecting, O2C Profit, Stochastic RSI Decreasing",20
"Red Histogram, Price Above 200 EMA, MACD Expanding Above, EMA Increasing, Green Supertrend, Price Above 200 DEMA, 200 EMA Below 200 DEMA Expanding, O2C Profit, Stochastic RSI Decreasing",6
"Red Histogram, Price Below 200 EMA, MACD Intersecting Below, EMA Decreasing, Red Supertrend, Price Below 200 DEMA, 200 EMA Below 200 DEMA Intersecting, O2C Profit, Stochastic RSI Increasing",44
"Red Histogram, Price Below 200 EMA, MACD Intersecting Below, EMA Decreasing, Red Supertrend, Price Below 200 DEMA, 200 EMA Below 200 DEMA Intersecting, O2C Profit, Stochastic RSI Decreasing",9
"Green Histogram, Price Below 200 EMA, MACD Parallel Below, EMA Decreasing, Red Supertrend, Price Below 200 DEMA, 200 EMA Above 200 DEMA Expanding, O2C Profit, Stochastic RSI Decreasing",12
"Red Histogram, Price Below 200 EMA, MACD Expanding Below, EMA Decreasing, Red Supertrend, Price Below 200 DEMA, 200 EMA Above 200 DEMA Expanding, O2C Profit, Stochastic RSI Decreasing",57
"Red Histogram, Price Below 200 EMA, MACD Intersecting Below, EMA Decreasing, Red Supertrend, Price Above 200 DEMA, 200 EMA Above 200 DEMA Expanding, O2C Profit, Stochastic RSI Decreasing",1
"Red Histogram, Price Above 200 EMA, MACD Intersecting Above, EMA Increasing, Green Supertrend, Price Above 200 DEMA, 200 EMA Below 200 DEMA Expanding, O2C Profit, Stochastic RSI Increasing",5
"Red Histogram, Price Below 200 EMA, MACD Parallel Below, EMA Decreasing, Red Supertrend, Price Above 200 DEMA, 200 EMA Above 200 DEMA Intersecting, O2C Profit, Stochastic RSI Increasing",5
"Red Histogram, Price Below 200 EMA, MACD Expanding Below, EMA Decreasing, Red Supertrend, Price Below 200 DEMA, 200 EMA Above 200 DEMA Expanding, O2C Profit, Stochastic RSI Increasing",12
"Red Histogram, Price Below 200 EMA, MACD Expanding Below, EMA Decreasing, Red Supertrend, Price Below 200 DEMA, 200 EMA Below 200 DEMA Intersecting, O2C Profit, Stochastic RSI Increasing",8
"Green Histogram, Price Below 200 EMA, MACD Expanding Below, EMA Decreasing, Red Supertrend, Price Below 200 DEMA, 200 EMA Below 200 DEMA Intersecting, O2C Profit, Stochastic RSI Increasing",11
"Red Histogram, Price Above 200 EMA, MACD Intersecting Above, EMA Increasing, Red Supertrend, Price Below 200 DEMA, 200 EMA Below 200 DEMA Intersecting, O2C Profit, Stochastic RSI Increasing",4
"Green Histogram, Price Below 200 EMA, MACD Parallel Below, EMA Decreasing, Red Supertrend, Price Below 200 DEMA, 200 EMA Above 200 DEMA Expanding, O2C Profit, Stochastic RSI Increasing",19
"Red Histogram, Price Below 200 EMA, MACD Intersecting Below, EMA Decreasing, Red Supertrend, Price Below 200 DEMA, 200 EMA Above 200 DEMA Expanding, O2C Profit, Stochastic RSI Increasing",41
"Red Histogram, Price Below 200 EMA, MACD Expanding Below, EMA Decreasing, Red Supertrend, Price Below 200 DEMA, 200 EMA Below 200 DEMA Intersecting, O2C Profit, Stochastic RSI Decreasing",17
"Red Histogram, Price Below 200 EMA, MACD Parallel Below, EMA Decreasing, Green Supertrend, Price Above 200 DEMA, 200 EMA Above 200 DEMA Expanding, O2C Profit, Stochastic RSI Increasing",1
"Red Histogram, Price Below 200 EMA, MACD Parallel Below, EMA Decreasing, Red Supertrend, Price Below 200 DEMA, 200 EMA Below 200 DEMA Intersecting, O2C Profit, Stochastic RSI Increasing",18
"Red Histogram, Price Below 200 EMA, MACD Parallel Below, EMA Decreasing, Red Supertrend, Price Below 200 DEMA, 200 EMA Above 200 DEMA Expanding, O2C Profit, Stochastic RSI Increasing",46
"Green Histogram, Price Below 200 EMA, MACD Intersecting Below, EMA Decreasing, Red Supertrend, Price Below 200 DEMA, 200 EMA Above 200 DEMA Expanding, O2C Profit, Stochastic RSI Decreasing",17
"Green Histogram, Price Below 200 EMA, MACD Parallel Below, EMA Decreasing, Red Supertrend, Price Below 200 DEMA, 200 EMA Above 200 DEMA Intersecting, O2C Profit, Stochastic RSI Increasing",1
"Red Histogram, Price Above 200 EMA, MACD Parallel Above, EMA Increasing, Green Supertrend, Price Above 200 DEMA, 200 EMA Below 200 DEMA Expanding, O2C Profit, Stochastic RSI Decreasing",3
"Red Histogram, Price Above 200 EMA, MACD Parallel Below, EMA Increasing, Red Supertrend, Price Above 200 DEMA, 200 EMA Below 200 DEMA Expanding, O2C Profit, Stochastic RSI Decreasing",1
"Green Histogram, Price Below 200 EMA, MACD Parallel Below, EMA Decreasing, Red Supertrend, Price Below 200 DEMA, 200 EMA Below 200 DEMA Intersecting, O2C Profit, Stochastic RSI Decreasing",7
"Red Histogram, Price Below 200 EMA, MACD Intersecting Below, EMA Decreasing, Red Supertrend, Price Below 200 DEMA, 200 EMA Above 200 DEMA Expanding, O2C Profit, Stochastic RSI Decreasing",13
"Red Histogram, Price Above 200 EMA, MACD Parallel Below, EMA Increasing, Green Supertrend, Price Below 200 DEMA, 200 EMA Below 200 DEMA Intersecting, O2C Profit, Stochastic RSI Increasing",1
"Green Histogram, Price Below 200 EMA, MACD Parallel Below, EMA Decreasing, Red Supertrend, Price Below 200 DEMA, 200 EMA Below 200 DEMA Intersecting, O2C Profit, Stochastic RSI Increasing",8
"Red Histogram, Price Above 200 EMA, MACD Expanding Below, EMA Increasing, Red Supertrend, Price Below 200 DEMA, 200 EMA Below 200 DEMA Intersecting, O2C Profit, Stochastic RSI Decreasing",6
"Red Histogram, Price Above 200 EMA, MACD Intersecting Below, EMA Decreasing, Red Supertrend, Price Above 200 DEMA, 200 EMA Above 200 DEMA Intersecting, O2C Profit, Stochastic RSI Increasing",1
"Red Histogram, Price Below 200 EMA, MACD Parallel Below, EMA Decreasing, Red Supertrend, Price Above 200 DEMA, 200 EMA Above 200 DEMA Intersecting, O2C Profit, Stochastic RSI Decreasing",3
"Green Histogram, Price Below 200 EMA, MACD Parallel Below, EMA Decreasing, Red Supertrend, Price Above 200 DEMA, 200 EMA Above 200 DEMA Intersecting, O2C Profit, Stochastic RSI Increasing",4
"Red Histogram, Price Below 200 EMA, MACD Intersecting Below, EMA Decreasing, Red Supertrend, Price Below 200 DEMA, 200 EMA Below 200 DEMA Expanding, O2C Profit, Stochastic RSI Increasing",9
"Red Histogram, Price Above 200 EMA, MACD Parallel Below, EMA Decreasing, Red Supertrend, Price Below 200 DEMA, 200 EMA Below 200 DEMA Intersecting, O2C Profit, Stochastic RSI Increasing",5
"Red Histogram, Price Above 200 EMA, MACD Expanding Below, EMA Decreasing, Red Supertrend, Price Below 200 DEMA, 200 EMA Below 200 DEMA Intersecting, O2C Profit, Stochastic RSI Increasing",3
"Green Histogram, Price Above 200 EMA, MACD Parallel Below, EMA Increasing, Red Supertrend, Price Below 200 DEMA, 200 EMA Below 200 DEMA Intersecting, O2C Profit, Stochastic RSI Decreasing",3
"Green Histogram, Price Below 200 EMA, MACD Parallel Below, EMA Decreasing, Red Supertrend, Price Below 200 DEMA, 200 EMA Below 200 DEMA Expanding, O2C Profit, Stochastic RSI Decreasing",1
"Red Histogram, Price Above 200 EMA, MACD Parallel Below, EMA Increasing, Green Supertrend, Price Below 200 DEMA, 200 EMA Below 200 DEMA Intersecting, O2C Profit, Stochastic RSI Decreasing",1
"Red Histogram, Price Below 200 EMA, MACD Expanding Above, EMA Decreasing, Green Supertrend, Price Above 200 DEMA, 200 EMA Above 200 DEMA Intersecting, O2C Profit, Stochastic RSI Decreasing",2
"Red Histogram, Price Above 200 EMA, MACD Parallel Above, EMA Increasing, Red Supertrend, Price Above 200 DEMA, 200 EMA Below 200 DEMA Expanding, O2C Profit, Stochastic RSI Decreasing",2
"Green Histogram, Price Below 200 EMA, MACD Parallel Below, EMA Decreasing, Green Supertrend, Price Below 200 DEMA, 200 EMA Above 200 DEMA Expanding, O2C Profit, Stochastic RSI Decreasing",2
"Green Histogram, Price Below 200 EMA, MACD Parallel Below, EMA Decreasing, Red Supertrend, Price Below 200 DEMA, 200 EMA Below 200 DEMA Expanding, O2C Profit, Stochastic RSI Increasing",6
"Red Histogram, Price Below 200 EMA, MACD Expanding Below, EMA Decreasing, Red Supertrend, Price Below 200 DEMA, 200 EMA Below 200 DEMA Expanding, O2C Loss, Stochastic RSI Decreasing",1
"Red Histogram, Price Below 200 EMA, MACD Parallel Above, EMA Decreasing, Red Supertrend, Price Below 200 DEMA, 200 EMA Above 200 DEMA Intersecting, O2C Profit, Stochastic RSI Increasing",1
"Red Histogram, Price Below 200 EMA, MACD Parallel Below, EMA Decreasing, Red Supertrend, Price Below 200 DEMA, 200 EMA Above 200 DEMA Expanding, O2C Loss, Stochastic RSI Decreasing",1
"Red Histogram, Price Above 200 EMA, MACD Intersecting Below, EMA Increasing, Red Supertrend, Price Below 200 DEMA, 200 EMA Below 200 DEMA Intersecting, O2C Profit, Stochastic RSI Increasing",6
"Red Histogram, Price Above 200 EMA, MACD Parallel Above, EMA Increasing, Green Supertrend, Price Above 200 DEMA, 200 EMA Below 200 DEMA Intersecting, O2C Profit, Stochastic RSI Decreasing",1
"Red Histogram, Price Below 200 EMA, MACD Intersecting Below, EMA Decreasing, Red Supertrend, Price Above 200 DEMA, 200 EMA Below 200 DEMA Expanding, O2C Profit, Stochastic RSI Increasing",4
"Red Histogram, Price Above 200 EMA, MACD Expanding Above, EMA Increasing, Green Supertrend, Price Below 200 DEMA, 200 EMA Below 200 DEMA Intersecting, O2C Profit, Stochastic RSI Increasing",1
"Red Histogram, Price Above 200 EMA, MACD Parallel Above, EMA Increasing, Red Supertrend, Price Below 200 DEMA, 200 EMA Below 200 DEMA Intersecting, O2C Profit, Stochastic RSI Decreasing",1
"Green Histogram, Price Below 200 EMA, MACD Parallel Below, EMA Decreasing, Red Supertrend, Price Above 200 DEMA, 200 EMA Below 200 DEMA Expanding, O2C Loss, Stochastic RSI Increasing",3
"Red Histogram, Price Above 200 EMA, MACD Intersecting Below, EMA Decreasing, Red Supertrend, Price Above 200 DEMA, 200 EMA Below 200 DEMA Intersecting, O2C Profit, Stochastic RSI Decreasing",2
"Red Histogram, Price Below 200 EMA, MACD Parallel Below, EMA Decreasing, Red Supertrend, Price Below 200 DEMA, 200 EMA Below 200 DEMA Expanding, O2C Loss, Stochastic RSI Increasing",2
"Red Histogram, Price Below 200 EMA, MACD Intersecting Below, EMA Decreasing, Red Supertrend, Price Above 200 DEMA, 200 EMA Above 200 DEMA Expanding, O2C Profit, Stochastic RSI Increasing",6
"Red Histogram, Price Below 200 EMA, MACD Expanding Below, EMA Decreasing, Red Supertrend, Price Below 200 DEMA, 200 EMA Above 200 DEMA Intersecting, O2C Profit, Stochastic RSI Decreasing",1
"Red Histogram, Price Above 200 EMA, MACD Expanding Above, EMA Increasing, Green Supertrend, Price Above 200 DEMA, 200 EMA Above 200 DEMA Intersecting, O2C Profit, Stochastic RSI Decreasing",2
"Green Histogram, Price Below 200 EMA, MACD Expanding Below, EMA Decreasing, Red Supertrend, Price Below 200 DEMA, 200 EMA Below 200 DEMA Expanding, O2C Profit, Stochastic RSI Increasing",4
"Red Histogram, Price Above 200 EMA, MACD Parallel Below, EMA Decreasing, Red Supertrend, Price Below 200 DEMA, 200 EMA Below 200 DEMA Intersecting, O2C Profit, Stochastic RSI Decreasing",6
"Red Histogram, Price Above 200 EMA, MACD Intersecting Below, EMA Increasing, Red Supertrend, Price Below 200 DEMA, 200 EMA Below 200 DEMA Intersecting, O2C Profit, Stochastic RSI Decreasing",1
"Red Histogram, Price Above 200 EMA, MACD Expanding Above, EMA Increasing, Green Supertrend, Price Below 200 DEMA, 200 EMA Below 200 DEMA Intersecting, O2C Profit, Stochastic RSI Decreasing",1
"Red Histogram, Price Above 200 EMA, MACD Intersecting Above, EMA Increasing, Green Supertrend, Price Above 200 DEMA, 200 EMA Below 200 DEMA Expanding, O2C Profit, Stochastic RSI Decreasing",1
"Red Histogram, Price Above 200 EMA, MACD Parallel Below, EMA Increasing, Red Supertrend, Price Below 200 DEMA, 200 EMA Below 200 DEMA Intersecting, O2C Profit, Stochastic RSI Decreasing",5
"Green Histogram, Price Below 200 EMA, MACD Parallel Below, EMA Decreasing, Red Supertrend, Price Above 200 DEMA, 200 EMA Above 200 DEMA Expanding, O2C Profit, Stochastic RSI Increasing",2
"Green Histogram, Price Below 200 EMA, MACD Intersecting Below, EMA Decreasing, Green Supertrend, Price Below 200 DEMA, 200 EMA Above 200 DEMA Expanding, O2C Profit, Stochastic RSI Increasing",2
"Red Histogram, Price Above 200 EMA, MACD Intersecting Above, EMA Increasing, Green Supertrend, Price Above 200 DEMA, 200 EMA Below 200 DEMA Intersecting, O2C Profit, Stochastic RSI Increasing",2
"Green Histogram, Price Above 200 EMA, MACD Intersecting Above, EMA Increasing, Red Supertrend, Price Below 200 DEMA, 200 EMA Below 200 DEMA Intersecting, O2C Profit, Stochastic RSI Decreasing",2
"Green Histogram, Price Below 200 EMA, MACD Parallel Above, EMA Decreasing, Green Supertrend, Price Above 200 DEMA, 200 EMA Above 200 DEMA Intersecting, O2C Profit, Stochastic RSI Increasing",2
"Green Histogram, Price Below 200 EMA, MACD Parallel Below, EMA Decreasing, Green Supertrend, Price Below 200 DEMA, 200 EMA Below 200 DEMA Intersecting, O2C Profit, Stochastic RSI Decreasing",1
"Red Histogram, Price Below 200 EMA, MACD Expanding Below, EMA Decreasing, Green Supertrend, Price Below 200 DEMA, 200 EMA Above 200 DEMA Expanding, O2C Profit, Stochastic RSI Decreasing",2
"Red Histogram, Price Below 200 EMA, MACD Intersecting Below, EMA Decreasing, Red Supertrend, Price Above 200 DEMA, 200 EMA Above 200 DEMA Intersecting, O2C Profit, Stochastic RSI Increasing",5
"Green Histogram, Price Below 200 EMA, MACD Expanding Below, EMA Decreasing, Red Supertrend, Price Below 200 DEMA, 200 EMA Above 200 DEMA Expanding, O2C Profit, Stochastic RSI Decreasing",4
"Green Histogram, Price Below 200 EMA, MACD Intersecting Below, EMA Decreasing, Green Supertrend, Price Below 200 DEMA, 200 EMA Above 200 DEMA Expanding, O2C Profit, Stochastic RSI Decreasing",3
"Red Histogram, Price Above 200 EMA, MACD Parallel Above, EMA Increasing, Green Supertrend, Price Above 200 DEMA, 200 EMA Above 200 DEMA Intersecting, O2C Profit, Stochastic RSI Increasing",1
"Red Histogram, Price Below 200 EMA, MACD Intersecting Below, EMA Decreasing, Red Supertrend, Price Above 200 DEMA, 200 EMA Above 200 DEMA Intersecting, O2C Profit, Stochastic RSI Decreasing",1
"Red Histogram, Price Below 200 EMA, MACD Intersecting Above, EMA Decreasing, Red Supertrend, Price Above 200 DEMA, 200 EMA Above 200 DEMA Intersecting, O2C Profit, Stochastic RSI Decreasing",1
"Red Histogram, Price Below 200 EMA, MACD Expanding Above, EMA Decreasing, Green Supertrend, Price Above 200 DEMA, 200 EMA Above 200 DEMA Intersecting, O2C Profit, Stochastic RSI Increasing",1
"Green Histogram, Price Below 200 EMA, MACD Parallel Below, EMA Decreasing, Green Supertrend, Price Below 200 DEMA, 200 EMA Below 200 DEMA Intersecting, O2C Profit, Stochastic RSI Increasing",2
"Red Histogram, Price Above 200 EMA, MACD Parallel Below, EMA Increasing, Green Supertrend, Price Above 200 DEMA, 200 EMA Below 200 DEMA Intersecting, O2C Profit, Stochastic RSI Decreasing",1
"Red Histogram, Price Above 200 EMA, MACD Parallel Below, EMA Decreasing, Green Supertrend, Price Below 200 DEMA, 200 EMA Below 200 DEMA Intersecting, O2C Profit, Stochastic RSI Increasing",1
"Red Histogram, Price Above 200 EMA, MACD Expanding Below, EMA Decreasing, Green Supertrend, Price Below 200 DEMA, 200 EMA Below 200 DEMA Intersecting, O2C Profit, Stochastic RSI Increasing",1
"Red Histogram, Price Below 200 EMA, MACD Expanding Above, EMA Decreasing, Red Supertrend, Price Above 200 DEMA, 200 EMA Above 200 DEMA Intersecting, O2C Profit, Stochastic RSI Decreasing",3
"Red Histogram, Price Above 200 EMA, MACD Parallel Below, EMA Decreasing, Green Supertrend, Price Above 200 DEMA, 200 EMA Below 200 DEMA Intersecting, O2C Profit, Stochastic RSI Increasing",1
"Red Histogram, Price Above 200 EMA, MACD Intersecting Above, EMA Increasing, Red Supertrend, Price Above 200 DEMA, 200 EMA Above 200 DEMA Intersecting, O2C Profit, Stochastic RSI Increasing",1
"Green Histogram, Price Below 200 EMA, MACD Intersecting Below, EMA Decreasing, Red Supertrend, Price Below 200 DEMA, 200 EMA Below 200 DEMA Expanding, O2C Profit, Stochastic RSI Decreasing",4
"Red Histogram, Price Above 200 EMA, MACD Expanding Above, EMA Increasing, Red Supertrend, Price Below 200 DEMA, 200 EMA Below 200 DEMA Intersecting, O2C Profit, Stochastic RSI Decreasing",1
"Green Histogram, Price Below 200 EMA, MACD Expanding Below, EMA Decreasing, Red Supertrend, Price Above 200 DEMA, 200 EMA Above 200 DEMA Intersecting, O2C Profit, Stochastic RSI Increasing",3
"Red Histogram, Price Above 200 EMA, MACD Parallel Above, EMA Increasing, Green Supertrend, Price Above 200 DEMA, 200 EMA Below 200 DEMA Intersecting, O2C Profit, Stochastic RSI Increasing",1
"Green Histogram, Price Below 200 EMA, MACD Expanding Below, EMA Decreasing, Red Supertrend, Price Above 200 DEMA, 200 EMA Above 200 DEMA Expanding, O2C Profit, Stochastic RSI Decreasing",2
"Red Histogram, Price Below 200 EMA, MACD Parallel Below, EMA Decreasing, Green Supertrend, Price Below 200 DEMA, 200 EMA Above 200 DEMA Expanding, O2C Profit, Stochastic RSI Increasing",3
"Red Histogram, Price Below 200 EMA, MACD Expanding Above, EMA Decreasing, Green Supertrend, Price Below 200 DEMA, 200 EMA Below 200 DEMA Intersecting, O2C Profit, Stochastic RSI Decreasing",1
"Red Histogram, Price Below 200 EMA, MACD Expanding Below, EMA Decreasing, Red Supertrend, Price Below 200 DEMA, 200 EMA Below 200 DEMA Expanding, O2C Profit, Stochastic RSI Increasing",2
"Green Histogram, Price Above 200 EMA, MACD Intersecting Above, EMA Decreasing, Green Supertrend, Price Below 200 DEMA, 200 EMA Below 200 DEMA Intersecting, O2C Profit, Stochastic RSI Decreasing",1
"Red Histogram, Price Below 200 EMA, MACD Expanding Above, EMA Decreasing, Green Supertrend, Price Above 200 DEMA, 200 EMA Above 200 DEMA Intersecting, O2C Loss, Stochastic RSI Increasing",1
"Red Histogram, Price Above 200 EMA, MACD Intersecting Below, EMA Increasing, Red Supertrend, Price Above 200 DEMA, 200 EMA Below 200 DEMA Expanding, O2C Profit, Stochastic RSI Increasing",3
"Green Histogram, Price Below 200 EMA, MACD Parallel Below, EMA Decreasing, Green Supertrend, Price Below 200 DEMA, 200 EMA Above 200 DEMA Expanding, O2C Profit, Stochastic RSI Increasing",1
"Red Histogram, Price Above 200 EMA, MACD Parallel Below, EMA Increasing, Green Supertrend, Price Above 200 DEMA, 200 EMA Below 200 DEMA Expanding, O2C Profit, Stochastic RSI Increasing",1
"Green Histogram, Price Below 200 EMA, MACD Intersecting Above, EMA Decreasing, Green Supertrend, Price Above 200 DEMA, 200 EMA Above 200 DEMA Intersecting, O2C Profit, Stochastic RSI Decreasing",1
"Red Histogram, Price Below 200 EMA, MACD Parallel Above, EMA Decreasing, Green Supertrend, Price Below 200 DEMA, 200 EMA Above 200 DEMA Expanding, O2C Profit, Stochastic RSI Decreasing",1
"Red Histogram, Price Above 200 EMA, MACD Intersecting Below, EMA Increasing, Green Supertrend, Price Below 200 DEMA, 200 EMA Below 200 DEMA Intersecting, O2C Profit, Stochastic RSI Decreasing",1
"Red Histogram, Price Below 200 EMA, MACD Intersecting Below, EMA Decreasing, Green Supertrend, Price Above 200 DEMA, 200 EMA Above 200 DEMA Intersecting, O2C Profit, Stochastic RSI Decreasing",3
"Green Histogram, Price Below 200 EMA, MACD Parallel Below, EMA Decreasing, Red Supertrend, Price Above 200 DEMA, 200 EMA Above 200 DEMA Intersecting, O2C Profit, Stochastic RSI Decreasing",5
"Green Histogram, Price Above 200 EMA, MACD Parallel Below, EMA Increasing, Red Supertrend, Price Below 200 DEMA, 200 EMA Below 200 DEMA Intersecting, O2C Profit, Stochastic RSI Increasing",3
"Red Histogram, Price Below 200 EMA, MACD Parallel Below, EMA Decreasing, Red Supertrend, Price Above 200 DEMA, 200 EMA Above 200 DEMA Expanding, O2C Profit, Stochastic RSI Decreasing",3
"Red Histogram, Price Below 200 EMA, MACD Expanding Above, EMA Decreasing, Red Supertrend, Price Above 200 DEMA, 200 EMA Above 200 DEMA Intersecting, O2C Profit, Stochastic RSI Increasing",3
"Red Histogram, Price Below 200 EMA, MACD Expanding Above, EMA Decreasing, Red Supertrend, Price Below 200 DEMA, 200 EMA Below 200 DEMA Expanding, O2C Profit, Stochastic RSI Decreasing",3
"Red Histogram, Price Above 200 EMA, MACD Expanding Below, EMA Decreasing, Red Supertrend, Price Below 200 DEMA, 200 EMA Below 200 DEMA Intersecting, O2C Profit, Stochastic RSI Decreasing",3
"Red Histogram, Price Below 200 EMA, MACD Expanding Above, EMA Decreasing, Red Supertrend, Price Below 200 DEMA, 200 EMA Above 200 DEMA Expanding, O2C Profit, Stochastic RSI Increasing",2
"Green Histogram, Price Above 200 EMA, MACD Expanding Above, EMA Increasing, Green Supertrend, Price Above 200 DEMA, 200 EMA Below 200 DEMA Expanding, O2C Profit, Stochastic RSI Increasing",1
"Green Histogram, Price Above 200 EMA, MACD Parallel Above, EMA Increasing, Green Supertrend, Price Above 200 DEMA, 200 EMA Below 200 DEMA Expanding, O2C Profit, Stochastic RSI Increasing",1
"Green Histogram, Price Below 200 EMA, MACD Expanding Below, EMA Decreasing, Red Supertrend, Price Above 200 DEMA, 200 EMA Above 200 DEMA Expanding, O2C Profit, Stochastic RSI Increasing",3
"Red Histogram, Price Above 200 EMA, MACD Intersecting Above, EMA Increasing, Green Supertrend, Price Above 200 DEMA, 200 EMA Above 200 DEMA Intersecting, O2C Profit, Stochastic RSI Increasing",1
"Green Histogram, Price Above 200 EMA, MACD Expanding Below, EMA Increasing, Red Supertrend, Price Below 200 DEMA, 200 EMA Below 200 DEMA Intersecting, O2C Profit, Stochastic RSI Increasing",4
"Green Histogram, Price Above 200 EMA, MACD Intersecting Above, EMA Increasing, Green Supertrend, Price Above 200 DEMA, 200 EMA Below 200 DEMA Intersecting, O2C Profit, Stochastic RSI Increasing",2
"Red Histogram, Price Below 200 EMA, MACD Parallel Below, EMA Decreasing, Red Supertrend, Price Above 200 DEMA, 200 EMA Below 200 DEMA Expanding, O2C Profit, Stochastic RSI Increasing",3
"Red Histogram, Price Below 200 EMA, MACD Parallel Below, EMA Decreasing, Red Supertrend, Price Below 200 DEMA, 200 EMA Above 200 DEMA Intersecting, O2C Profit, Stochastic RSI Decreasing",1
"Green Histogram, Price Below 200 EMA, MACD Intersecting Below, EMA Decreasing, Red Supertrend, Price Below 200 DEMA, 200 EMA Below 200 DEMA Expanding, O2C Profit, Stochastic RSI Increasing",1
"Green Histogram, Price Below 200 EMA, MACD Intersecting Below, EMA Decreasing, Red Supertrend, Price Below 200 DEMA, 200 EMA Below 200 DEMA Intersecting, O2C Profit, Stochastic RSI Decreasing",7
"Green Histogram, Price Above 200 EMA, MACD Expanding Below, EMA Increasing, Green Supertrend, Price Above 200 DEMA, 200 EMA Below 200 DEMA Expanding, O2C Profit, Stochastic RSI Decreasing",1
"Red Histogram, Price Above 200 EMA, MACD Intersecting Above, EMA Increasing, Green Supertrend, Price Above 200 DEMA, 200 EMA Below 200 DEMA Expanding, O2C Loss, Stochastic RSI Decreasing",2
"Red Histogram, Price Above 200 EMA, MACD Parallel Above, EMA Increasing, Green Supertrend, Price Below 200 DEMA, 200 EMA Below 200 DEMA Intersecting, O2C Profit, Stochastic RSI Decreasing",1
"Green Histogram, Price Above 200 EMA, MACD Expanding Below, EMA Increasing, Green Supertrend, Price Below 200 DEMA, 200 EMA Below 200 DEMA Intersecting, O2C Profit, Stochastic RSI Increasing",3
"Green Histogram, Price Below 200 EMA, MACD Parallel Below, EMA Decreasing, Red Supertrend, Price Above 200 DEMA, 200 EMA Above 200 DEMA Expanding, O2C Profit, Stochastic RSI Decreasing",7
"Red Histogram, Price Below 200 EMA, MACD Intersecting Below, EMA Decreasing, Red Supertrend, Price Below 200 DEMA, 200 EMA Below 200 DEMA Expanding, O2C Loss, Stochastic RSI Increasing",1
"Red Histogram, Price Above 200 EMA, MACD Intersecting Below, EMA Increasing, Red Supertrend, Price Above 200 DEMA, 200 EMA Below 200 DEMA Intersecting, O2C Profit, Stochastic RSI Decreasing",1
"Green Histogram, Price Below 200 EMA, MACD Intersecting Below, EMA Decreasing, Red Supertrend, Price Below 200 DEMA, 200 EMA Above 200 DEMA Expanding, O2C Profit, Stochastic RSI Increasing",2
"Green Histogram, Price Below 200 EMA, MACD Parallel Below, EMA Decreasing, Green Supertrend, Price Above 200 DEMA, 200 EMA Above 200 DEMA Expanding, O2C Profit, Stochastic RSI Increasing",1
"Green Histogram, Price Below 200 EMA, MACD Expanding Below, EMA Decreasing, Red Supertrend, Price Above 200 DEMA, 200 EMA Above 200 DEMA Intersecting, O2C Profit, Stochastic RSI Decreasing",3
"Red Histogram, Price Above 200 EMA, MACD Intersecting Below, EMA Decreasing, Red Supertrend, Price Above 200 DEMA, 200 EMA Above 200 DEMA Intersecting, O2C Profit, Stochastic RSI Decreasing",1
"Red Histogram, Price Below 200 EMA, MACD Intersecting Below, EMA Decreasing, Red Supertrend, Price Below 200 DEMA, 200 EMA Below 200 DEMA Intersecting, O2C Loss, Stochastic RSI Increasing",2
"Red Histogram, Price Above 200 EMA, MACD Parallel Above, EMA Decreasing, Red Supertrend, Price Below 200 DEMA, 200 EMA Below 200 DEMA Intersecting, O2C Profit, Stochastic RSI Increasing",1
"Green Histogram, Price Above 200 EMA, MACD Parallel Above, EMA Increasing, Green Supertrend, Price Above 200 DEMA, 200 EMA Below 200 DEMA Expanding, O2C Profit, Stochastic RSI Decreasing",3
"Green Histogram, Price Above 200 EMA, MACD Parallel Below, EMA Increasing, Green Supertrend, Price Below 200 DEMA, 200 EMA Below 200 DEMA Intersecting, O2C Profit, Stochastic RSI Increasing",1
"Green Histogram, Price Below 200 EMA, MACD Intersecting Above, EMA Decreasing, Red Supertrend, Price Above 200 DEMA, 200 EMA Above 200 DEMA Intersecting, O2C Profit, Stochastic RSI Decreasing",2
"Red Histogram, Price Below 200 EMA, MACD Parallel Below, EMA Decreasing, Red Supertrend, Price Below 200 DEMA, 200 EMA Below 200 DEMA Expanding, O2C Profit, Stochastic RSI Increasing",4
"Red Histogram, Price Below 200 EMA, MACD Parallel Below, EMA Decreasing, Red Supertrend, Price Below 200 DEMA, 200 EMA Below 200 DEMA Expanding, O2C Profit, Stochastic RSI Decreasing",6
"Red Histogram, Price Below 200 EMA, MACD Parallel Below, EMA Decreasing, Red Supertrend, Price Above 200 DEMA, 200 EMA Above 200 DEMA Expanding, O2C Profit, Stochastic RSI Increasing",3
"Red Histogram, Price Below 200 EMA, MACD Intersecting Above, EMA Decreasing, Green Supertrend, Price Above 200 DEMA, 200 EMA Below 200 DEMA Intersecting, O2C Profit, Stochastic RSI Decreasing",1
"Red Histogram, Price Above 200 EMA, MACD Parallel Below, EMA Increasing, Green Supertrend, Price Above 200 DEMA, 200 EMA Above 200 DEMA Intersecting, O2C Profit, Stochastic RSI Increasing",1
"Green Histogram, Price Below 200 EMA, MACD Parallel Below, EMA Decreasing, Red Supertrend, Price Above 200 DEMA, 200 EMA Below 200 DEMA Intersecting, O2C Loss, Stochastic RSI Decreasing",1
"Red Histogram, Price Above 200 EMA, MACD Parallel Above, EMA Increasing, Red Supertrend, Price Above 200 DEMA, 200 EMA Below 200 DEMA Intersecting, O2C Profit, Stochastic RSI Increasing",1
"Red Histogram, Price Below 200 EMA, MACD Expanding Below, EMA Decreasing, Red Supertrend, Price Above 200 DEMA, 200 EMA Above 200 DEMA Expanding, O2C Profit, Stochastic RSI Decreasing",2
"Red Histogram, Price Above 200 EMA, MACD Parallel Above, EMA Increasing, Green Supertrend, Price Above 200 DEMA, 200 EMA Above 200 DEMA Intersecting, O2C Profit, Stochastic RSI Decreasing",1
"Red Histogram, Price Below 200 EMA, MACD Intersecting Below, EMA Decreasing, Red Supertrend, Price Above 200 DEMA, 200 EMA Below 200 DEMA Expanding, O2C Profit, Stochastic RSI Decreasing",3
"Red Histogram, Price Below 200 EMA, MACD Intersecting Below, EMA Decreasing, Red Supertrend, Price Below 200 DEMA, 200 EMA Below 200 DEMA Expanding, O2C Profit, Stochastic RSI Decreasing",6
"Green Histogram, Price Below 200 EMA, MACD Expanding Below, EMA Decreasing, Red Supertrend, Price Above 200 DEMA, 200 EMA Below 200 DEMA Intersecting, O2C Loss, Stochastic RSI Increasing",2
"Green Histogram, Price Below 200 EMA, MACD Parallel Above, EMA Decreasing, Green Supertrend, Price Above 200 DEMA, 200 EMA Above 200 DEMA Intersecting, O2C Profit, Stochastic RSI Decreasing",1
"Green Histogram, Price Above 200 EMA, MACD Parallel Below, EMA Increasing, Red Supertrend, Price Above 200 DEMA, 200 EMA Below 200 DEMA Expanding, O2C Profit, Stochastic RSI Increasing",1
"Red Histogram, Price Above 200 EMA, MACD Expanding Below, EMA Increasing, Red Supertrend, Price Below 200 DEMA, 200 EMA Below 200 DEMA Intersecting, O2C Profit, Stochastic RSI Increasing",1
"Red Histogram, Price Above 200 EMA, MACD Expanding Above, EMA Decreasing, Red Supertrend, Price Below 200 DEMA, 200 EMA Above 200 DEMA Expanding, O2C Profit, Stochastic RSI Increasing",1
"Green Histogram, Price Below 200 EMA, MACD Parallel Below, EMA Decreasing, Red Supertrend, Price Below 200 DEMA, 200 EMA Above 200 DEMA Expanding, O2C Loss, Stochastic RSI Increasing",1
"Red Histogram, Price Below 200 EMA, MACD Parallel Below, EMA Decreasing, Green Supertrend, Price Below 200 DEMA, 200 EMA Below 200 DEMA Intersecting, O2C Profit, Stochastic RSI Decreasing",2
"Red Histogram, Price Above 200 EMA, MACD Expanding Above, EMA Increasing, Green Supertrend, Price Above 200 DEMA, 200 EMA Below 200 DEMA Expanding, O2C Profit, Stochastic RSI Increasing",3
"Red Histogram, Price Below 200 EMA, MACD Parallel Below, EMA Decreasing, Green Supertrend, Price Below 200 DEMA, 200 EMA Above 200 DEMA Expanding, O2C Profit, Stochastic RSI Decreasing",3
"Red Histogram, Price Below 200 EMA, MACD Intersecting Below, EMA Decreasing, Green Supertrend, Price Below 200 DEMA, 200 EMA Below 200 DEMA Intersecting, O2C Profit, Stochastic RSI Increasing",1
"Red Histogram, Price Below 200 EMA, MACD Intersecting Below, EMA Decreasing, Green Supertrend, Price Below 200 DEMA, 200 EMA Above 200 DEMA Expanding, O2C Profit, Stochastic RSI Increasing",1
"Red Histogram, Price Above 200 EMA, MACD Intersecting Below, EMA Decreasing, Red Supertrend, Price Below 200 DEMA, 200 EMA Below 200 DEMA Intersecting, O2C Profit, Stochastic RSI Increasing",1
"Green Histogram, Price Below 200 EMA, MACD Expanding Below, EMA Decreasing, Green Supertrend, Price Below 200 DEMA, 200 EMA Above 200 DEMA Expanding, O2C Profit, Stochastic RSI Decreasing",1
"Green Histogram, Price Above 200 EMA, MACD Expanding Below, EMA Increasing, Red Supertrend, Price Above 200 DEMA, 200 EMA Below 200 DEMA Intersecting, O2C Profit, Stochastic RSI Increasing",1
"Red Histogram, Price Below 200 EMA, MACD Intersecting Below, EMA Decreasing, Red Supertrend, Price Below 200 DEMA, 200 EMA Above 200 DEMA Expanding, O2C Loss, Stochastic RSI Increasing",1
"Red Histogram, Price Below 200 EMA, MACD Parallel Below, EMA Decreasing, Red Supertrend, Price Above 200 DEMA, 200 EMA Above 200 DEMA Expanding, O2C Loss, Stochastic RSI Decreasing",1
"Green Histogram, Price Below 200 EMA, MACD Expanding Below, EMA Decreasing, Green Supertrend, Price Above 200 DEMA, 200 EMA Above 200 DEMA Intersecting, O2C Profit, Stochastic RSI Increasing",1
"Green Histogram, Price Above 200 EMA, MACD Expanding Below, EMA Increasing, Red Supertrend, Price Above 200 DEMA, 200 EMA Below 200 DEMA Intersecting, O2C Profit, Stochastic RSI Decreasing",1
"Red Histogram, Price Below 200 EMA, MACD Intersecting Above, EMA Decreasing, Green Supertrend, Price Above 200 DEMA, 200 EMA Above 200 DEMA Intersecting, O2C Profit, Stochastic RSI Increasing",1
"Red Histogram, Price Below 200 EMA, MACD Expanding Below, EMA Decreasing, Red Supertrend, Price Above 200 DEMA, 200 EMA Below 200 DEMA Expanding, O2C Loss, Stochastic RSI Decreasing",2
"Red Histogram, Price Above 200 EMA, MACD Intersecting Below, EMA Increasing, Green Supertrend, Price Above 200 DEMA, 200 EMA Below 200 DEMA Intersecting, O2C Profit, Stochastic RSI Increasing",3
"Green Histogram, Price Above 200 EMA, MACD Expanding Above, EMA Increasing, Green Supertrend, Price Above 200 DEMA, 200 EMA Below 200 DEMA Intersecting, O2C Profit, Stochastic RSI Increasing",1
"Green Histogram, Price Below 200 EMA, MACD Intersecting Below, EMA Decreasing, Red Supertrend, Price Above 200 DEMA, 200 EMA Above 200 DEMA Expanding, O2C Profit, Stochastic RSI Increasing",1
"Green Histogram, Price Below 200 EMA, MACD Expanding Below, EMA Decreasing, Red Supertrend, Price Above 200 DEMA, 200 EMA Below 200 DEMA Expanding, O2C Loss, Stochastic RSI Increasing",3
"Red Histogram, Price Below 200 EMA, MACD Intersecting Below, EMA Decreasing, Green Supertrend, Price Below 200 DEMA, 200 EMA Above 200 DEMA Expanding, O2C Profit, Stochastic RSI Decreasing",1
"Red Histogram, Price Below 200 EMA, MACD Intersecting Below, EMA Decreasing, Green Supertrend, Price Above 200 DEMA, 200 EMA Below 200 DEMA Intersecting, O2C Profit, Stochastic RSI Increasing",1
"Red Histogram, Price Above 200 EMA, MACD Intersecting Above, EMA Increasing, Green Supertrend, Price Below 200 DEMA, 200 EMA Below 200 DEMA Intersecting, O2C Profit, Stochastic RSI Decreasing",2
"Red Histogram, Price Below 200 EMA, MACD Expanding Below, EMA Decreasing, Red Supertrend, Price Above 200 DEMA, 200 EMA Above 200 DEMA Intersecting, O2C Profit, Stochastic RSI Decreasing",1
"Green Histogram, Price Above 200 EMA, MACD Intersecting Above, EMA Increasing, Green Supertrend, Price Above 200 DEMA, 200 EMA Above 200 DEMA Intersecting, O2C Profit, Stochastic RSI Decreasing",1
"Red Histogram, Price Below 200 EMA, MACD Intersecting Below, EMA Decreasing, Red Supertrend, Price Above 200 DEMA, 200 EMA Above 200 DEMA Expanding, O2C Loss, Stochastic RSI Increasing",1
"Green Histogram, Price Below 200 EMA, MACD Parallel Below, EMA Decreasing, Red Supertrend, Price Above 200 DEMA, 200 EMA Below 200 DEMA Expanding, O2C Loss, Stochastic RSI Decreasing",3
"Red Histogram, Price Below 200 EMA, MACD Parallel Below, EMA Decreasing, Red Supertrend, Price Above 200 DEMA, 200 EMA Below 200 DEMA Intersecting, O2C Profit, Stochastic RSI Decreasing",1
"Red Histogram, Price Above 200 EMA, MACD Intersecting Below, EMA Increasing, Green Supertrend, Price Above 200 DEMA, 200 EMA Below 200 DEMA Expanding, O2C Profit, Stochastic RSI Increasing",2
"Red Histogram, Price Below 200 EMA, MACD Intersecting Below, EMA Decreasing, Red Supertrend, Price Above 200 DEMA, 200 EMA Below 200 DEMA Expanding, O2C Loss, Stochastic RSI Decreasing",1
"Green Histogram, Price Below 200 EMA, MACD Expanding Below, EMA Decreasing, Red Supertrend, Price Below 200 DEMA, 200 EMA Below 200 DEMA Intersecting, O2C Profit, Stochastic RSI Decreasing",2
"Green Histogram, Price Below 200 EMA, MACD Parallel Below, EMA Decreasing, Red Supertrend, Price Above 200 DEMA, 200 EMA Above 200 DEMA Expanding, O2C Loss, Stochastic RSI Increasing",1
"Red Histogram, Price Below 200 EMA, MACD Expanding Below, EMA Decreasing, Red Supertrend, Price Below 200 DEMA, 200 EMA Above 200 DEMA Expanding, O2C Loss, Stochastic RSI Decreasing",1
"Red Histogram, Price Above 200 EMA, MACD Expanding Above, EMA Increasing, Red Supertrend, Price Above 200 DEMA, 200 EMA Below 200 DEMA Intersecting, O2C Profit, Stochastic RSI Increasing",1
"Green Histogram, Price Above 200 EMA, MACD Intersecting Above, EMA Increasing, Green Supertrend, Price Above 200 DEMA, 200 EMA Below 200 DEMA Expanding, O2C Profit, Stochastic RSI Increasing",1
"Green Histogram, Price Below 200 EMA, MACD Parallel Below, EMA Decreasing, Green Supertrend, Price Above 200 DEMA, 200 EMA Above 200 DEMA Intersecting, O2C Loss, Stochastic RSI Decreasing",1
"Red Histogram, Price Below 200 EMA, MACD Parallel Below, EMA Decreasing, Red Supertrend, Price Below 200 DEMA, 200 EMA Below 200 DEMA Expanding, O2C Loss, Stochastic RSI Decreasing",1
"Green Histogram, Price Below 200 EMA, MACD Expanding Below, EMA Decreasing, Red Supertrend, Price Above 200 DEMA, 200 EMA Below 200 DEMA Expanding, O2C Loss, Stochastic RSI Decreasing",1
"Green Histogram, Price Above 200 EMA, MACD Expanding Below, EMA Decreasing, Green Supertrend, Price Below 200 DEMA, 200 EMA Below 200 DEMA Intersecting, O2C Profit, Stochastic RSI Increasing",1
"Red Histogram, Price Below 200 EMA, MACD Parallel Below, EMA Decreasing, Red Supertrend, Price Above 200 DEMA, 200 EMA Above 200 DEMA Expanding, O2C Loss, Stochastic RSI Increasing",1
"Green Histogram, Price Above 200 EMA, MACD Intersecting Below, EMA Decreasing, Green Supertrend, Price Below 200 DEMA, 200 EMA Below 200 DEMA Intersecting, O2C Profit, Stochastic RSI Decreasing",1
"Green Histogram, Price Above 200 EMA, MACD Intersecting Above, EMA Increasing, Green Supertrend, Price Below 200 DEMA, 200 EMA Below 200 DEMA Intersecting, O2C Profit, Stochastic RSI Decreasing",1
"Red Histogram, Price Below 200 EMA, MACD Expanding Below, EMA Decreasing, Red Supertrend, Price Above 200 DEMA, 200 EMA Above 200 DEMA Intersecting, O2C Loss, Stochastic RSI Decreasing",1
"Red Histogram, Price Below 200 EMA, MACD Parallel Below, EMA Decreasing, Red Supertrend, Price Above 200 DEMA, 200 EMA Below 200 DEMA Intersecting, O2C Loss, Stochastic RSI Decreasing",4
"Red Histogram, Price Above 200 EMA, MACD Expanding Below, EMA Increasing, Green Supertrend, Price Below 200 DEMA, 200 EMA Below 200 DEMA Expanding, O2C Profit, Stochastic RSI Increasing",1
"Red Histogram, Price Above 200 EMA, MACD Parallel Above, EMA Increasing, Red Supertrend, Price Below 200 DEMA, 200 EMA Below 200 DEMA Intersecting, O2C Profit, Stochastic RSI Increasing",1
"Red Histogram, Price Above 200 EMA, MACD Parallel Above, EMA Decreasing, Red Supertrend, Price Above 200 DEMA, 200 EMA Below 200 DEMA Intersecting, O2C Profit, Stochastic RSI Decreasing",1
"Green Histogram, Price Below 200 EMA, MACD Intersecting Below, EMA Decreasing, Red Supertrend, Price Below 200 DEMA, 200 EMA Below 200 DEMA Intersecting, O2C Profit, Stochastic RSI Increasing",1
"Green Histogram, Price Below 200 EMA, MACD Parallel Below, EMA Decreasing, Red Supertrend, Price Above 200 DEMA, 200 EMA Below 200 DEMA Expanding, O2C Profit, Stochastic RSI Decreasing",4
"Red Histogram, Price Below 200 EMA, MACD Expanding Above, EMA Decreasing, Red Supertrend, Price Below 200 DEMA, 200 EMA Above 200 DEMA Expanding, O2C Profit, Stochastic RSI Decreasing",2
"Red Histogram, Price Above 200 EMA, MACD Intersecting Above, EMA Increasing, Red Supertrend, Price Above 200 DEMA, 200 EMA Below 200 DEMA Expanding, O2C Profit, Stochastic RSI Increasing",1
"Red Histogram, Price Above 200 EMA, MACD Intersecting Above, EMA Increasing, Green Supertrend, Price Above 200 DEMA, 200 EMA Above 200 DEMA Intersecting, O2C Profit, Stochastic RSI Decreasing",1
"Green Histogram, Price Below 200 EMA, MACD Expanding Below, EMA Increasing, Green Supertrend, Price Below 200 DEMA, 200 EMA Below 200 DEMA Expanding, O2C Profit, Stochastic RSI Increasing",1
"Red Histogram, Price Above 200 EMA, MACD Parallel Below, EMA Increasing, Red Supertrend, Price Below 200 DEMA, 200 EMA Below 200 DEMA Intersecting, O2C Profit, Stochastic RSI Increasing",2
"Green Histogram, Price Above 200 EMA, MACD Parallel Below, EMA Decreasing, Red Supertrend, Price Above 200 DEMA, 200 EMA Below 200 DEMA Intersecting, O2C Loss, Stochastic RSI Increasing",1
"Red Histogram, Price Below 200 EMA, MACD Parallel Below, EMA Decreasing, Green Supertrend, Price Below 200 DEMA, 200 EMA Below 200 DEMA Intersecting, O2C Profit, Stochastic RSI Increasing",1
"Red Histogram, Price Below 200 EMA, MACD Parallel Below, EMA Decreasing, Red Supertrend, Price Below 200 DEMA, 200 EMA Below 200 DEMA Intersecting, O2C Loss, Stochastic RSI Increasing",1
"Red Histogram, Price Below 200 EMA, MACD Parallel Below, EMA Decreasing, Red Supertrend, Price Above 200 DEMA, 200 EMA Below 200 DEMA Expanding, O2C Profit, Stochastic RSI Decreasing",5
"Red Histogram, Price Below 200 EMA, MACD Expanding Below, EMA Decreasing, Red Supertrend, Price Below 200 DEMA, 200 EMA Below 200 DEMA Intersecting, O2C Loss, Stochastic RSI Decreasing",2
"Red Histogram, Price Below 200 EMA, MACD Expanding Above, EMA Decreasing, Red Supertrend, Price Below 200 DEMA, 200 EMA Below 200 DEMA Intersecting, O2C Profit, Stochastic RSI Decreasing",1
"Red Histogram, Price Above 200 EMA, MACD Intersecting Below, EMA Increasing, Red Supertrend, Price Above 200 DEMA, 200 EMA Below 200 DEMA Intersecting, O2C Profit, Stochastic RSI Increasing",2
"Green Histogram, Price Below 200 EMA, MACD Parallel Below, EMA Decreasing, Red Supertrend, Price Below 200 DEMA, 200 EMA Below 200 DEMA Intersecting, O2C Loss, Stochastic RSI Increasing",1
"Green Histogram, Price Below 200 EMA, MACD Expanding Below, EMA Decreasing, Red Supertrend, Price Below 200 DEMA, 200 EMA Above 200 DEMA Expanding, O2C Loss, Stochastic RSI Increasing",2
"Green Histogram, Price Below 200 EMA, MACD Expanding Below, EMA Decreasing, Red Supertrend, Price Above 200 DEMA, 200 EMA Below 200 DEMA Intersecting, O2C Profit, Stochastic RSI Decreasing",1
"Red Histogram, Price Below 200 EMA, MACD Intersecting Below, EMA Decreasing, Green Supertrend, Price Above 200 DEMA, 200 EMA Above 200 DEMA Intersecting, O2C Loss, Stochastic RSI Decreasing",1
"Green Histogram, Price Below 200 EMA, MACD Parallel Below, EMA Decreasing, Red Supertrend, Price Above 200 DEMA, 200 EMA Below 200 DEMA Expanding, O2C Profit, Stochastic RSI Increasing",2
"Green Histogram, Price Above 200 EMA, MACD Parallel Below, EMA Increasing, Red Supertrend, Price Below 200 DEMA, 200 EMA Below 200 DEMA Intersecting, O2C Loss, Stochastic RSI Increasing",1
"Green Histogram, Price Above 200 EMA, MACD Intersecting Below, EMA Decreasing, Red Supertrend, Price Above 200 DEMA, 200 EMA Below 200 DEMA Intersecting, O2C Profit, Stochastic RSI Increasing",1
"Red Histogram, Price Below 200 EMA, MACD Expanding Below, EMA Decreasing, Red Supertrend, Price Above 200 DEMA, 200 EMA Above 200 DEMA Expanding, O2C Loss, Stochastic RSI Decreasing",1
"Green Histogram, Price Above 200 EMA, MACD Expanding Below, EMA Increasing, Red Supertrend, Price Below 200 DEMA, 200 EMA Below 200 DEMA Intersecting, O2C Loss, Stochastic RSI Decreasing",3
"Red Histogram, Price Below 200 EMA, MACD Parallel Below, EMA Decreasing, Red Supertrend, Price Above 200 DEMA, 200 EMA Below 200 DEMA Expanding, O2C Loss, Stochastic RSI Increasing",1
"Green Histogram, Price Below 200 EMA, MACD Intersecting Below, EMA Decreasing, Red Supertrend, Price Above 200 DEMA, 200 EMA Below 200 DEMA Expanding, O2C Profit, Stochastic RSI Decreasing",2
"Red Histogram, Price Above 200 EMA, MACD Intersecting Above, EMA Increasing, Green Supertrend, Price Below 200 DEMA, 200 EMA Below 200 DEMA Intersecting, O2C Profit, Stochastic RSI Increasing",1
"Green Histogram, Price Below 200 EMA, MACD Intersecting Below, EMA Decreasing, Green Supertrend, Price Below 200 DEMA, 200 EMA Below 200 DEMA Intersecting, O2C Profit, Stochastic RSI Decreasing",1
"Green Histogram, Price Above 200 EMA, MACD Expanding Above, EMA Increasing, Red Supertrend, Price Above 200 DEMA, 200 EMA Below 200 DEMA Expanding, O2C Profit, Stochastic RSI Increasing",1
"Red Histogram, Price Above 200 EMA, MACD Intersecting Above, EMA Increasing, Red Supertrend, Price Above 200 DEMA, 200 EMA Below 200 DEMA Expanding, O2C Loss, Stochastic RSI Increasing",1
"Red Histogram, Price Below 200 EMA, MACD Expanding Below, EMA Decreasing, Red Supertrend, Price Below 200 DEMA, 200 EMA Below 200 DEMA Expanding, O2C Profit, Stochastic RSI Decreasing",1
"Red Histogram, Price Below 200 EMA, MACD Intersecting Below, EMA Decreasing, Red Supertrend, Price Above 200 DEMA, 200 EMA Below 200 DEMA Intersecting, O2C Loss, Stochastic RSI Decreasing",2
"Green Histogram, Price Above 200 EMA, MACD Parallel Below, EMA Decreasing, Red Supertrend, Price Below 200 DEMA, 200 EMA Below 200 DEMA Intersecting, O2C Profit, Stochastic RSI Increasing",1
"Green Histogram, Price Above 200 EMA, MACD Expanding Below, EMA Decreasing, Green Supertrend, Price Above 200 DEMA, 200 EMA Below 200 DEMA Intersecting, O2C Profit, Stochastic RSI Increasing",1
"Red Histogram, Price Below 200 EMA, MACD Expanding Below, EMA Decreasing, Red Supertrend, Price Above 200 DEMA, 200 EMA Below 200 DEMA Expanding, O2C Profit, Stochastic RSI Decreasing",1
"Green Histogram, Price Below 200 EMA, MACD Expanding Below, EMA Increasing, Red Supertrend, Price Below 200 DEMA, 200 EMA Below 200 DEMA Expanding, O2C Profit, Stochastic RSI Increasing",1
"Red Histogram, Price Above 200 EMA, MACD Parallel Above, EMA Increasing, Red Supertrend, Price Above 200 DEMA, 200 EMA Below 200 DEMA Intersecting, O2C Profit, Stochastic RSI Decreasing",2
"Green Histogram, Price Below 200 EMA, MACD Intersecting Below, EMA Decreasing, Red Supertrend, Price Above 200 DEMA, 200 EMA Above 200 DEMA Expanding, O2C Profit, Stochastic RSI Decreasing",1
"Red Histogram, Price Below 200 EMA, MACD Expanding Above, EMA Decreasing, Red Supertrend, Price Below 200 DEMA, 200 EMA Below 200 DEMA Intersecting, O2C Profit, Stochastic RSI Increasing",1
"Green Histogram, Price Below 200 EMA, MACD Parallel Below, EMA Decreasing, Red Supertrend, Price Below 200 DEMA, 200 EMA Above 200 DEMA Expanding, O2C Loss, Stochastic RSI Decreasing",1
"Green Histogram, Price Above 200 EMA, MACD Intersecting Below, EMA Increasing, Green Supertrend, Price Below 200 DEMA, 200 EMA Below 200 DEMA Intersecting, O2C Profit, Stochastic RSI Decreasing",1
"Green Histogram, Price Above 200 EMA, MACD Intersecting Below, EMA Decreasing, Red Supertrend, Price Above 200 DEMA, 200 EMA Below 200 DEMA Expanding, O2C Loss, Stochastic RSI Increasing",1
"Green Histogram, Price Below 200 EMA, MACD Intersecting Above, EMA Decreasing, Red Supertrend, Price Above 200 DEMA, 200 EMA Below 200 DEMA Expanding, O2C Loss, Stochastic RSI Increasing",1
"Red Histogram, Price Below 200 EMA, MACD Intersecting Below, EMA Decreasing, Red Supertrend, Price Above 200 DEMA, 200 EMA Below 200 DEMA Intersecting, O2C Profit, Stochastic RSI Increasing",1
"Red Histogram, Price Below 200 EMA, MACD Expanding Above, EMA Decreasing, Red Supertrend, Price Above 200 DEMA, 200 EMA Below 200 DEMA Expanding, O2C Profit, Stochastic RSI Decreasing",1
"Red Histogram, Price Below 200 EMA, MACD Parallel Below, EMA Decreasing, Green Supertrend, Price Above 200 DEMA, 200 EMA Below 200 DEMA Expanding, O2C Loss, Stochastic RSI Increasing",1
"Green Histogram, Price Above 200 EMA, MACD Intersecting Above, EMA Increasing, Green Supertrend, Price Below 200 DEMA, 200 EMA Below 200 DEMA Intersecting, O2C Profit, Stochastic RSI Increasing",1
"Green Histogram, Price Below 200 EMA, MACD Intersecting Below, EMA Decreasing, Green Supertrend, Price Below 200 DEMA, 200 EMA Below 200 DEMA Expanding, O2C Profit, Stochastic RSI Decreasing",1
"Green Histogram, Price Above 200 EMA, MACD Intersecting Below, EMA Increasing, Red Supertrend, Price Below 200 DEMA, 200 EMA Below 200 DEMA Intersecting, O2C Loss, Stochastic RSI Decreasing",1
"Red Histogram, Price Above 200 EMA, MACD Intersecting Below, EMA Decreasing, Red Supertrend, Price Above 200 DEMA, 200 EMA Below 200 DEMA Intersecting, O2C Loss, Stochastic RSI Decreasing",1
"Red Histogram, Price Below 200 EMA, MACD Expanding Above, EMA Decreasing, Red Supertrend, Price Above 200 DEMA, 200 EMA Above 200 DEMA Expanding, O2C Profit, Stochastic RSI Decreasing",1
"Green Histogram, Price Below 200 EMA, MACD Intersecting Below, EMA Decreasing, Red Supertrend, Price Below 200 DEMA, 200 EMA Above 200 DEMA Expanding, O2C Loss, Stochastic RSI Increasing",1
"Red Histogram, Price Above 200 EMA, MACD Expanding Below, EMA Increasing, Green Supertrend, Price Above 200 DEMA, 200 EMA Below 200 DEMA Expanding, O2C Profit, Stochastic RSI Increasing",1
"Red Histogram, Price Below 200 EMA, MACD Expanding Below, EMA Increasing, Red Supertrend, Price Below 200 DEMA, 200 EMA Below 200 DEMA Expanding, O2C Profit, Stochastic RSI Increasing",2
"Green Histogram, Price Below 200 EMA, MACD Expanding Below, EMA Decreasing, Green Supertrend, Price Below 200 DEMA, 200 EMA Above 200 DEMA Expanding, O2C Profit, Stochastic RSI Increasing",1
"Green Histogram, Price Below 200 EMA, MACD Intersecting Above, EMA Decreasing, Red Supertrend, Price Above 200 DEMA, 200 EMA Below 200 DEMA Intersecting, O2C Profit, Stochastic RSI Increasing",1
"Red Histogram, Price Below 200 EMA, MACD Parallel Above, EMA Decreasing, Red Supertrend, Price Above 200 DEMA, 200 EMA Below 200 DEMA Intersecting, O2C Loss, Stochastic RSI Decreasing",1
"Red Histogram, Price Above 200 EMA, MACD Intersecting Above, EMA Increasing, Red Supertrend, Price Above 200 DEMA, 200 EMA Below 200 DEMA Intersecting, O2C Loss, Stochastic RSI Increasing",1
"Red Histogram, Price Above 200 EMA, MACD Expanding Above, EMA Increasing, Red Supertrend, Price Above 200 DEMA, 200 EMA Below 200 DEMA Expanding, O2C Loss, Stochastic RSI Increasing",2
"Red Histogram, Price Below 200 EMA, MACD Parallel Above, EMA Decreasing, Green Supertrend, Price Above 200 DEMA, 200 EMA Below 200 DEMA Expanding, O2C Loss, Stochastic RSI Decreasing",1
"Red Histogram, Price Above 200 EMA, MACD Expanding Above, EMA Increasing, Red Supertrend, Price Above 200 DEMA, 200 EMA Above 200 DEMA Intersecting, O2C Profit, Stochastic RSI Decreasing",1
"Red Histogram, Price Below 200 EMA, MACD Parallel Below, EMA Decreasing, Red Supertrend, Price Above 200 DEMA, 200 EMA Below 200 DEMA Expanding, O2C Loss, Stochastic RSI Decreasing",1
"Red Histogram, Price Below 200 EMA, MACD Expanding Below, EMA Decreasing, Red Supertrend, Price Above 200 DEMA, 200 EMA Below 200 DEMA Expanding, O2C Profit, Stochastic RSI Increasing",1
"Red Histogram, Price Below 200 EMA, MACD Parallel Above, EMA Decreasing, Red Supertrend, Price Above 200 DEMA, 200 EMA Below 200 DEMA Intersecting, O2C Profit, Stochastic RSI Decreasing",1
"Green Histogram, Price Below 200 EMA, MACD Parallel Below, EMA Decreasing, Red Supertrend, Price Above 200 DEMA, 200 EMA Below 200 DEMA Intersecting, O2C Profit, Stochastic RSI Increasing",1
"Red Histogram, Price Below 200 EMA, MACD Expanding Above, EMA Decreasing, Red Supertrend, Price Above 200 DEMA, 200 EMA Below 200 DEMA Expanding, O2C Loss, Stochastic RSI Decreasing",1
"Red Histogram, Price Above 200 EMA, MACD Expanding Above, EMA Decreasing, Red Supertrend, Price Above 200 DEMA, 200 EMA Below 200 DEMA Expanding, O2C Profit, Stochastic RSI Decreasing",1
"Red Histogram, Price Below 200 EMA, MACD Parallel Above, EMA Decreasing, Red Supertrend, Price Above 200 DEMA, 200 EMA Below 200 DEMA Expanding, O2C Loss, Stochastic RSI Decreasing",1
"Red Histogram, Price Above 200 EMA, MACD Parallel Above, EMA Increasing, Green Supertrend, Price Above 200 DEMA, 200 EMA Below 200 DEMA Expanding, O2C Profit, Stochastic RSI Increasing",1
"Green Histogram, Price Above 200 EMA, MACD Intersecting Below, EMA Increasing, Red Supertrend, Price Above 200 DEMA, 200 EMA Below 200 DEMA Intersecting, O2C Profit, Stochastic RSI Increasing",1
"Green Histogram, Price Below 200 EMA, MACD Expanding Below, EMA Decreasing, Green Supertrend, Price Below 200 DEMA, 200 EMA Below 200 DEMA Intersecting, O2C Profit, Stochastic RSI Increasing",1
"Red Histogram, Price Below 200 EMA, MACD Expanding Below, EMA Decreasing, Red Supertrend, Price Above 200 DEMA, 200 EMA Above 200 DEMA Intersecting, O2C Profit, Stochastic RSI Increasing",1
"Red Histogram, Price Below 200 EMA, MACD Parallel Below, EMA Decreasing, Green Supertrend, Price Above 200 DEMA, 200 EMA Below 200 DEMA Intersecting, O2C Profit, Stochastic RSI Decreasing",1
"Red Histogram, Price Below 200 EMA, MACD Expanding Below, EMA Increasing, Red Supertrend, Price Above 200 DEMA, 200 EMA Below 200 DEMA Expanding, O2C Loss, Stochastic RSI Increasing",1
"Red Histogram, Price Above 200 EMA, MACD Parallel Below, EMA Decreasing, Red Supertrend, Price Above 200 DEMA, 200 EMA Below 200 DEMA Intersecting, O2C Profit, Stochastic RSI Increasing",1
"Red Histogram, Price Below 200 EMA, MACD Expanding Above, EMA Increasing, Red Supertrend, Price Above 200 DEMA, 200 EMA Below 200 DEMA Expanding, O2C Profit, Stochastic RSI Increasing",1
"Red Histogram, Price Below 200 EMA, MACD Expanding Above, EMA Increasing, Green Supertrend, Price Above 200 DEMA, 200 EMA Below 200 DEMA Expanding, O2C Profit, Stochastic RSI Increasing",1
"Red Histogram, Price Above 200 EMA, MACD Expanding Above, EMA Decreasing, Green Supertrend, Price Above 200 DEMA, 200 EMA Below 200 DEMA Intersecting, O2C Profit, Stochastic RSI Increasing",1
"Red Histogram, Price Below 200 EMA, MACD Parallel Below, EMA Decreasing, Red Supertrend, Price Above 200 DEMA, 200 EMA Below 200 DEMA Intersecting, O2C Profit, Stochastic RSI Increasing",1
"Green Histogram, Price Below 200 EMA, MACD Intersecting Below, EMA Decreasing, Green Supertrend, Price Above 200 DEMA, 200 EMA Above 200 DEMA Intersecting, O2C Profit, Stochastic RSI Decreasing",1
"Red Histogram, Price Above 200 EMA, MACD Parallel Below, EMA Increasing, Red Supertrend, Price Above 200 DEMA, 200 EMA Below 200 DEMA Intersecting, O2C Profit, Stochastic RSI Decreasing",1
"Green Histogram, Price Above 200 EMA, MACD Expanding Below, EMA Increasing, Red Supertrend, Price Above 200 DEMA, 200 EMA Below 200 DEMA Expanding, O2C Profit, Stochastic RSI Increasing",1
"Red Histogram, Price Above 200 EMA, MACD Intersecting Below, EMA Increasing, Red Supertrend, Price Above 200 DEMA, 200 EMA Below 200 DEMA Intersecting, O2C Loss, Stochastic RSI Increasing",1
"Green Histogram, Price Below 200 EMA, MACD Parallel Above, EMA Decreasing, Red Supertrend, Price Above 200 DEMA, 200 EMA Below 200 DEMA Intersecting, O2C Loss, Stochastic RSI Increasing",1
"Red Histogram, Price Below 200 EMA, MACD Expanding Below, EMA Increasing, Red Supertrend, Price Above 200 DEMA, 200 EMA Below 200 DEMA Expanding, O2C Profit, Stochastic RSI Increasing",1
